{"errors":[],"warnings":[],"namedChunkGroups":{"polyfill":{"chunks":[3,0,9],"assets":["webpack-runtime-acbcea61073f7dff184c.js","webpack-runtime-acbcea61073f7dff184c.js.map","commons-2f3857d4d91c12862224.js","commons-2f3857d4d91c12862224.js.map","polyfill-5c9b2a3962da6417d07e.js","polyfill-5c9b2a3962da6417d07e.js.map"],"children":{},"childAssets":{}},"app":{"chunks":[3,8,4],"assets":["webpack-runtime-acbcea61073f7dff184c.js","webpack-runtime-acbcea61073f7dff184c.js.map","framework-63ec46a3540d83159f28.js","framework-63ec46a3540d83159f28.js.map","app-cdf9ca099b297fb93814.js","app-cdf9ca099b297fb93814.js.map"],"children":{},"childAssets":{}},"component---src-pages-404-js":{"chunks":[2,1,0,5],"assets":["styles.a6e2f129b74c7b9cdfff.css","styles-2d82ac8e3afc0c213061.js","styles-2d82ac8e3afc0c213061.js.map","1bfc9850-4bdec1587afbe3e50d43.js","1bfc9850-4bdec1587afbe3e50d43.js.map","commons-2f3857d4d91c12862224.js","commons-2f3857d4d91c12862224.js.map","component---src-pages-404-js-7b790585713d41fec155.js","component---src-pages-404-js-7b790585713d41fec155.js.map"],"children":{},"childAssets":{}},"component---src-pages-index-js":{"chunks":[2,1,0,6],"assets":["styles.a6e2f129b74c7b9cdfff.css","styles-2d82ac8e3afc0c213061.js","styles-2d82ac8e3afc0c213061.js.map","1bfc9850-4bdec1587afbe3e50d43.js","1bfc9850-4bdec1587afbe3e50d43.js.map","commons-2f3857d4d91c12862224.js","commons-2f3857d4d91c12862224.js.map","component---src-pages-index-js-00bf2dd94f8df178b22b.js","component---src-pages-index-js-00bf2dd94f8df178b22b.js.map"],"children":{},"childAssets":{}},"component---src-pages-show-jsx":{"chunks":[2,1,0,7],"assets":["styles.a6e2f129b74c7b9cdfff.css","styles-2d82ac8e3afc0c213061.js","styles-2d82ac8e3afc0c213061.js.map","1bfc9850-4bdec1587afbe3e50d43.js","1bfc9850-4bdec1587afbe3e50d43.js.map","commons-2f3857d4d91c12862224.js","commons-2f3857d4d91c12862224.js.map","component---src-pages-show-jsx-bec186e6f478a0636ebd.js","component---src-pages-show-jsx-bec186e6f478a0636ebd.js.map"],"children":{},"childAssets":{}}},"assetsByChunkName":{"polyfill":["webpack-runtime-acbcea61073f7dff184c.js","commons-2f3857d4d91c12862224.js","polyfill-5c9b2a3962da6417d07e.js"],"app":["webpack-runtime-acbcea61073f7dff184c.js","framework-63ec46a3540d83159f28.js","app-cdf9ca099b297fb93814.js"],"component---src-pages-404-js":["styles.a6e2f129b74c7b9cdfff.css","styles-2d82ac8e3afc0c213061.js","1bfc9850-4bdec1587afbe3e50d43.js","commons-2f3857d4d91c12862224.js","component---src-pages-404-js-7b790585713d41fec155.js"],"component---src-pages-index-js":["styles.a6e2f129b74c7b9cdfff.css","styles-2d82ac8e3afc0c213061.js","1bfc9850-4bdec1587afbe3e50d43.js","commons-2f3857d4d91c12862224.js","component---src-pages-index-js-00bf2dd94f8df178b22b.js"],"component---src-pages-show-jsx":["styles.a6e2f129b74c7b9cdfff.css","styles-2d82ac8e3afc0c213061.js","1bfc9850-4bdec1587afbe3e50d43.js","commons-2f3857d4d91c12862224.js","component---src-pages-show-jsx-bec186e6f478a0636ebd.js"]}}